[
  {
    "pin": "D2",
    "variable": "props",
    "initial": 0,
    "alias": [
      "on",
      "off"
    ]
  },
  {
    "pin": "D3",
    "variable": "smoke/mach",
    "initial": 0,
    "alias": [
      "1",
      "0"
    ]
  },
  {
    "pin": "D4",
    "variable": "smoke/fog",
    "initial": 0,
    "alias": [
      "1",
      "0"
    ]
  },
  {
    "pin": "D8",
    "variable": "doors/front",
    "initial": 0,
    "alias": [
      "1",
      "0"
    ]
  },
  {
    "pin": "D9",
    "variable": "doors/exit",
    "initial": 1,
    "alias": [
      "1",
      "0"
    ]
  },
  {
    "pin": "D10",
    "variable": "light",
    "initial": 0,
    "alias": [
      "on",
      "off"
    ]
  },
  {
    "pin": "D11",
    "variable": "maglocks/1",
    "initial": 1,
    "alias": [
      "1",
      "0"
    ]
  },
  {
    "pin": "D12",
    "variable": "maglocks/2",
    "initial": 1,
    "alias": [
      "1",
      "0"
    ]
  },
  {
    "pin": "D13",
    "variable": "maglocks/3",
    "initial": 1,
    "alias": [
      "1",
      "0"
    ]
  }
]