{
  "groups": [
    "doors",
    "maglocks",
    "smoke",
    null
  ],
  "titles": {
    "doors/": "Portes"
  },
  "variables": {
    "doors/exit": "Sortie",
    "doors/front": "Entrée",
    "maglocks/1": "Drawer top",
    "maglocks/2": "Drawer middle",
    "maglocks/3": "Drawer bottom",
    "smoke/mach": "Machine",
    "smoke/fog": "Release fog"
  },
  "images": {
    "props": "plug",
    "smoke/mach": "plug",
    "smoke/fog": "smoke",
    "doors/front": "door",
    "doors/exit": "door",
    "maglocks/1": "relay",
    "maglocks/2": "relay",
    "maglocks/3": "relay"
  },
  "buttons": {
    "doors/*:1": "Fermer les portes",
    "doors/*:0": "Ouvrir les portes",
    "maglocks/*:1": "Lock drawers",
    "maglocks/*:0": "Unlock drawers",
    "smoke/*:1": "Switch smoke up",
    "smoke/*:0": "Shut smoke down"
  },
  "hiddens": {
    "smoke": false,
    "doors/*:0": false,
    "__RELAUNCH__": false,
    "doors": false,
    "__REBOOT__": false,
    "null": false
  },
  "relaunch": {
    "command": "ps aux | grep python | grep -v \"grep python\" | grep PiPyRelayProp/src/main.py | awk '{print $2}' | xargs kill -9 && screen -d -m python3 /home/pi/Room/Props/PiPyRelayProp/src/main.py -s %BROKER%"
  },
  "credentials": {
    "addr": "192.168.1.42",
    "user": "pi",
    "pasw": "cfcecdcccbcac9c8"
  }
}