[
  {
    "pin": "GPIO2",
    "variable": "props",
    "initial": 0,
    "alias": [
      "on",
      "off"
    ]
  },
  {
    "pin": "GPIO3",
    "variable": "smoke/mach",
    "initial": 0,
    "alias": [
      "1",
      "0"
    ]
  },
  {
    "pin": "GPIO4",
    "variable": "smoke/fog",
    "initial": 0,
    "alias": [
      "1",
      "0"
    ]
  },
  {
    "pin": "GPIO8",
    "variable": "doors/front",
    "initial": 0,
    "alias": [
      "1",
      "0"
    ]
  },
  {
    "pin": "GPIO9",
    "variable": "doors/exit",
    "initial": 1,
    "alias": [
      "1",
      "0"
    ]
  },
  {
    "pin": "GPIO10",
    "variable": "light",
    "initial": 0,
    "alias": [
      "1",
      "0"
    ]
  },
  {
    "pin": "GPIO11",
    "variable": "maglocks/1",
    "initial": 1,
    "alias": [
      "1",
      "0"
    ]
  },
  {
    "pin": "GPIO12",
    "variable": "maglocks/2",
    "initial": 1,
    "alias": [
      "1",
      "0"
    ]
  },
  {
    "pin": "GPIO13",
    "variable": "maglocks/3",
    "initial": 1,
    "alias": [
      "1",
      "0"
    ]
  }
]