[
  {
    "pin": "GPIO2",
    "variable": "lights/corridor",
    "initial": 0,
    "alias": [
      "on",
      "off"
    ]
  },
  {
    "pin": "GPIO3",
    "variable": "lights/lounge",
    "initial": 0,
    "alias": [
      "on",
      "off"
    ]
  },
  {
    "pin": "GPIO4",
    "variable": "doors/lounge",
    "initial": 1,
    "alias": [
      "locked",
      "unlocked"
    ]
  },
  {
    "pin": "GPIO5",
    "variable": "doors/exit",
    "initial": 1,
    "alias": [
      "locked",
      "unlocked"
    ]
  },
  {
    "pin": "GPIO6",
    "variable": "smoke",
    "initial": 0,
    "alias": [
      "on",
      "off"
    ]
  },
  {
    "pin": "GPIO7",
    "variable": "drawers/maglock1",
    "initial": 1,
    "alias": [
      "powered",
      "released"
    ]
  },
  {
    "pin": "GPIO8",
    "variable": "drawers/maglock2",
    "initial": 1,
    "alias": [
      "powered",
      "released"
    ]
  },
  {
    "pin": "GPIO9",
    "variable": "drawers/maglock3",
    "initial": 1,
    "alias": [
      "powered",
      "released"
    ]
  }
]